{
	"credit": "Made with Blockbench",
	"texture_size": [16, 16],
	"textures": {
		"0": "minecraft:block/gravel",
		"particle": "minecraft:block/gravel"
	},
	"elements": [
		{
			"from": [-6.32576, 15, 6.0282],
			"to": [-1.82576, 16.5, 19.0282],
			"rotation": {"angle": 22.5, "axis": "y", "origin": [8.01624, 11.8, 8.45209]},
			"faces": {
				"north": {"uv": [0.80263, 0, 2.30263, 4.5], "rotation": 90, "texture": "#0"},
				"east": {"uv": [0.80263, 0, 2.30263, 13], "rotation": 90, "texture": "#0"},
				"south": {"uv": [0.80263, 0, 2.30263, 4.5], "rotation": 90, "texture": "#0"},
				"west": {"uv": [0.80263, 0, 2.30263, 13], "rotation": 90, "texture": "#0"},
				"up": {"uv": [0, 0.1, 4.5, 13.1], "rotation": 180, "texture": "#0"},
				"down": {"uv": [0.80263, 0, 13.80263, 4.5], "rotation": 90, "texture": "#0"}
			}
		},
		{
			"from": [8.15278, 15, -13.31104],
			"to": [12.65278, 16.3, -2.31104],
			"rotation": {"angle": 45, "axis": "y", "origin": [8.01624, 11.8, 8.45209]},
			"faces": {
				"north": {"uv": [1.34211, 3.07875, 2.64211, 7.57875], "rotation": 90, "texture": "#0"},
				"east": {"uv": [1.34211, 3.07875, 2.64211, 14.07875], "rotation": 90, "texture": "#0"},
				"south": {"uv": [1.34211, 3.07875, 2.64211, 7.57875], "rotation": 90, "texture": "#0"},
				"west": {"uv": [1.34211, 3.07875, 2.64211, 14.07875], "rotation": 90, "texture": "#0"},
				"up": {"uv": [1.34211, 3.07875, 5.84211, 14.07875], "rotation": 180, "texture": "#0"},
				"down": {"uv": [1.34211, 3.07875, 12.34211, 7.57875], "rotation": 90, "texture": "#0"}
			}
		},
		{
			"from": [-15.17177, 15, 4.04063],
			"to": [3.82823, 17, 14.04063],
			"rotation": {"angle": -22.5, "axis": "y", "origin": [8.01624, 11.8, 8.45209]},
			"faces": {
				"north": {"uv": [0, 4.48886, 16, 6.48886], "texture": "#0"},
				"east": {"uv": [0.44737, 4.48886, 10.44737, 6.48886], "texture": "#0"},
				"south": {"uv": [0, 4.48886, 16, 6.48886], "texture": "#0"},
				"west": {"uv": [0.44737, 4.48886, 10.44737, 6.48886], "texture": "#0"},
				"up": {"uv": [0, 0, 10, 16], "rotation": 90, "texture": "#0"},
				"down": {"uv": [0, 4.48886, 16, 14.48886], "texture": "#0"}
			}
		},
		{
			"from": [7.17424, 15, -12.9718],
			"to": [13.17424, 16.4, 2.0282],
			"rotation": {"angle": 22.5, "axis": "y", "origin": [8.01624, 11.8, 8.45209]},
			"faces": {
				"north": {"uv": [0.34211, 0.49354, 1.74211, 6.49354], "rotation": 90, "texture": "#0"},
				"east": {"uv": [0.34211, 0.49354, 1.74211, 15.49354], "rotation": 90, "texture": "#0"},
				"south": {"uv": [0.34211, 0.49354, 1.74211, 6.49354], "rotation": 90, "texture": "#0"},
				"west": {"uv": [0.34211, 0.49354, 1.74211, 15.49354], "rotation": 90, "texture": "#0"},
				"up": {"uv": [0, 0.49354, 6, 15.49354], "rotation": 180, "texture": "#0"},
				"down": {"uv": [0.34211, 0.49354, 15.34211, 6.49354], "rotation": 90, "texture": "#0"}
			}
		},
		{
			"from": [12.17424, 15, 3.0282],
			"to": [31.17424, 17, 13.0282],
			"rotation": {"angle": 22.5, "axis": "y", "origin": [8.01624, 11.8, 8.45209]},
			"faces": {
				"north": {"uv": [0, 0.25852, 16, 2.25852], "rotation": 180, "texture": "#0"},
				"east": {"uv": [0, 0.25852, 10, 2.25852], "rotation": 180, "texture": "#0"},
				"south": {"uv": [0, 0.25852, 16, 2.25852], "rotation": 180, "texture": "#0"},
				"west": {"uv": [0, 0.25852, 10, 2.25852], "rotation": 180, "texture": "#0"},
				"up": {"uv": [0, 0, 10, 16], "rotation": 270, "texture": "#0"},
				"down": {"uv": [0, 0.25852, 16, 10.25852], "rotation": 180, "texture": "#0"}
			}
		},
		{
			"from": [3, 15, 12],
			"to": [13, 17, 30],
			"rotation": {"angle": 0, "axis": "y", "origin": [8.01624, 11.8, 8.45209]},
			"faces": {
				"north": {"uv": [0, 0, 2, 10], "rotation": 270, "texture": "#0"},
				"east": {"uv": [0, 0, 2, 16], "rotation": 270, "texture": "#0"},
				"south": {"uv": [0, 0, 2, 10], "rotation": 270, "texture": "#0"},
				"west": {"uv": [0, 0, 2, 16], "rotation": 270, "texture": "#0"},
				"up": {"uv": [0, 0, 10, 16], "texture": "#0"},
				"down": {"uv": [0, 0, 16, 10], "rotation": 270, "texture": "#0"}
			}
		},
		{
			"from": [-14.82576, 15, 5.0282],
			"to": [-7.82576, 16.3, 21.0282],
			"rotation": {"angle": 22.5, "axis": "y", "origin": [8.01624, 11.8, 8.45209]},
			"faces": {
				"north": {"uv": [0, 0, 7, 1.3], "texture": "#0"},
				"east": {"uv": [0, 0, 16, 1.3], "texture": "#0"},
				"south": {"uv": [0, 0, 7, 1.3], "texture": "#0"},
				"west": {"uv": [0, 0, 16, 1.3], "texture": "#0"},
				"up": {"uv": [0, 0, 16, 7], "rotation": 90, "texture": "#0"},
				"down": {"uv": [0, 0, 7, 16], "texture": "#0"}
			}
		},
		{
			"from": [16.53908, 15, 2.40992],
			"to": [31.53908, 16.6, 9.40992],
			"rotation": {"angle": -45, "axis": "y", "origin": [8.01624, 11.8, 8.45209]},
			"faces": {
				"north": {"uv": [0, 0, 15, 1.6], "rotation": 180, "texture": "#0"},
				"east": {"uv": [0, 0, 7, 1.6], "rotation": 180, "texture": "#0"},
				"south": {"uv": [0, 0, 15, 1.6], "rotation": 180, "texture": "#0"},
				"west": {"uv": [0, 0, 7, 1.6], "rotation": 180, "texture": "#0"},
				"up": {"uv": [0, 0, 7, 15], "rotation": 270, "texture": "#0"},
				"down": {"uv": [0, 0, 15, 7], "rotation": 180, "texture": "#0"}
			}
		},
		{
			"from": [8.95003, 15, -13.53744],
			"to": [20.75003, 16.4, -3.53744],
			"rotation": {"angle": -22.5, "axis": "y", "origin": [14.85003, 15.7, -8.53744]},
			"faces": {
				"north": {"uv": [1.78947, 0.0235, 3.18947, 11.8235], "rotation": 90, "texture": "#0"},
				"east": {"uv": [1.78947, 0.0235, 3.18947, 10.0235], "rotation": 90, "texture": "#0"},
				"south": {"uv": [1.78947, 0.0235, 3.18947, 11.8235], "rotation": 90, "texture": "#0"},
				"west": {"uv": [1.78947, 0.0235, 3.18947, 10.0235], "rotation": 90, "texture": "#0"},
				"up": {"uv": [1.78947, 0.0235, 13.58947, 10.0235], "rotation": 180, "texture": "#0"},
				"down": {"uv": [1.78947, 0.0235, 11.78947, 11.8235], "rotation": 90, "texture": "#0"}
			}
		},
		{
			"from": [7.42425, 15, 22.0282],
			"to": [11.92425, 16.5, 31.0282],
			"rotation": {"angle": 22.5, "axis": "y", "origin": [8.01624, 11.8, 8.45209]},
			"faces": {
				"north": {"uv": [4.69737, 3.31376, 6.19737, 7.81376], "rotation": 90, "texture": "#0"},
				"east": {"uv": [4.69737, 3.31376, 6.19737, 12.31376], "rotation": 90, "texture": "#0"},
				"south": {"uv": [4.69737, 3.31376, 6.19737, 7.81376], "rotation": 90, "texture": "#0"},
				"west": {"uv": [4.69737, 3.31376, 6.19737, 12.31376], "rotation": 90, "texture": "#0"},
				"up": {"uv": [4.69737, 3.31376, 9.19737, 12.31376], "rotation": 180, "texture": "#0"},
				"down": {"uv": [4.69737, 3.31376, 13.69737, 7.81376], "rotation": 90, "texture": "#0"}
			}
		},
		{
			"from": [21.13472, 15, 7.71758],
			"to": [27.13472, 16.3, 12.21758],
			"rotation": {"angle": 0, "axis": "y", "origin": [8.01624, 11.8, 8.45209]},
			"faces": {
				"north": {"uv": [9.92105, 0, 15.92105, 1.3], "texture": "#0"},
				"east": {"uv": [9.92105, 0, 14.42105, 1.3], "texture": "#0"},
				"south": {"uv": [9.92105, 0, 15.92105, 1.3], "texture": "#0"},
				"west": {"uv": [9.92105, 0, 14.42105, 1.3], "texture": "#0"},
				"up": {"uv": [9.92105, 0, 14.42105, 6], "rotation": 90, "texture": "#0"},
				"down": {"uv": [9.92105, 0, 15.92105, 4.5], "texture": "#0"}
			}
		},
		{
			"from": [-1.8, 16, -5],
			"to": [18, 16.2, 21.9],
			"rotation": {"angle": 0, "axis": "y", "origin": [8.01624, 11.8, 8.45209]},
			"faces": {
				"north": {"uv": [0, 0, 16, 0.2], "texture": "#0"},
				"east": {"uv": [0, 0, 16, 0.2], "texture": "#0"},
				"south": {"uv": [0, 0, 16, 0.2], "texture": "#0"},
				"west": {"uv": [0, 0, 16, 0.2], "texture": "#0"},
				"up": {"uv": [0, 0, 16, 16], "rotation": 90, "texture": "#0"},
				"down": {"uv": [0, 0, 16, 16], "texture": "#0"}
			}
		},
		{
			"from": [5, 15, 5],
			"to": [11, 17, 11],
			"rotation": {"angle": 0, "axis": "y", "origin": [8.01624, 11.8, 8.45209]},
			"faces": {
				"north": {"uv": [4.88158, 9.55346, 10.88158, 11.55346], "texture": "#0"},