{
	"credit": "Made with Blockbench",
	"texture_size": [128, 128],
	"textures": {
		"1": "minersdream:block/miner_mk1_vacum",
		"particle": "minersdream:block/miner_mk1_vacum"
	},
	"elements": [
		{
			"from": [1.51776, 2.00711, 3.11434],
			"to": [4.89276, 3.50711, 3.43934],
			"rotation": {"angle": 0, "axis": "y", "origin": [3.20526, 5.25086, 11.47684]},
			"color": 0,
			"faces": {
				"north": {"uv": [26, 118, 32, 120], "texture": "#1"},
				"east": {"uv": [26, 118, 26, 120], "rotation": 90, "texture": "#1"},
				"south": {"uv": [20, 118, 26, 120], "rotation": 180, "texture": "#1"},
				"west": {"uv": [20, 118, 20, 120], "rotation": 270, "texture": "#1"},
				"up": {"uv": [26, 118, 20, 118], "texture": "#1"},
				"down": {"uv": [32, 118, 26, 118], "rotation": 180, "texture": "#1"}
			}
		},
		{
			"from": [2.01776, 2.00711, -0.48566],
			"to": [4.39276, 16.00711, 1.83934],
			"rotation": {"angle": 0, "axis": "y", "origin": [3.20526, 5.25086, 11.47684]},
			"color": 0,
			"faces": {
				"north": {"uv": [116, 36, 120, 66], "texture": "#1"},
				"east": {"uv": [112, 36, 116, 66], "rotation": 90, "texture": "#1"},
				"south": {"uv": [108, 36, 112, 66], "rotation": 180, "texture": "#1"},
				"west": {"uv": [104, 36, 108, 66], "rotation": 270, "texture": "#1"},
				"up": {"uv": [112, 36, 108, 32], "texture": "#1"},
				"down": {"uv": [116, 32, 112, 36], "rotation": 180, "texture": "#1"}
			}
		},
		{
			"from": [1.51776, 3.50711, -2.48566],
			"to": [4.89276, 4.00711, 3.43934],
			"rotation": {"angle": 0, "axis": "y", "origin": [3.20526, 5.25086, 11.47684]},
			"color": 0,
			"faces": {
				"north": {"uv": [0, 30.75, 6, 30.75], "texture": "#1"},
				"east": {"uv": [12, 12, 22, 12], "rotation": 90, "texture": "#1"},
				"south": {"uv": [0, 41.25, 6, 41.25], "rotation": 180, "texture": "#1"},
				"west": {"uv": [-4, 12, 6, 12], "rotation": 270, "texture": "#1"},
				"up": {"uv": [6, 41, 0, 31], "texture": "#1"},
				"down": {"uv": [18, 2, 12, 12], "rotation": 180, "texture": "#1"}
			}
		},
		{
			"from": [1.51776, 1.50711, -2.48566],
			"to": [4.89276, 3.50711, -2.16066],
			"rotation": {"angle": 0, "axis": "y", "origin": [3.20526, 5.25086, 11.47684]},
			"color": 0,
			"faces": {
				"north": {"uv": [26, 118, 32, 122], "texture": "#1"},
				"east": {"uv": [26, 118, 26, 122], "rotation": 90, "texture": "#1"},
				"south": {"uv": [20, 118, 26, 122], "rotation": 180, "texture": "#1"},
				"west": {"uv": [20, 118, 20, 122], "rotation": 270, "texture": "#1"},
				"up": {"uv": [26, 118, 20, 118], "texture": "#1"},
				"down": {"uv": [32, 118, 26, 118], "rotation": 180, "texture": "#1"}
			}
		},
		{
			"from": [1.26776, -0.01789, -3.48566],
			"to": [5.14276, 2.00711, 3.83934],
			"rotation": {"angle": 0, "axis": "y", "origin": [3.20526, 5.25086, 11.47684]},
			"color": 0,
			"faces": {
				"north": {"uv": [34, 60, 40, 64], "texture": "#1"},
				"east": {"uv": [20, 60, 34, 64], "rotation": 90, "texture": "#1"},
				"south": {"uv": [14, 60, 20, 64], "rotation": 180, "texture": "#1"},
				"west": {"uv": [0, 60, 14, 64], "rotation": 270, "texture": "#1"},
				"up": {"uv": [20, 60, 14, 46], "texture": "#1"},
				"down": {"uv": [26, 46, 20, 60], "rotation": 180, "texture": "#1"}
			}
		},
		{
			"from": [1.51776, 2.00711, 12.51434],
			"to": [4.89276, 3.50711, 12.83934],
			"rotation": {"angle": 0, "axis": "y", "origin": [3.20526, 5.25086, 15.47684]},
			"color": 0,
			"faces": {
				"north": {"uv": [20, 118, 26, 120], "rotation": 180, "texture": "#1"},
				"east": {"uv": [20, 118, 20, 120], "rotation": 270, "texture": "#1"},
				"south": {"uv": [26, 118, 32, 120], "texture": "#1"},
				"west": {"uv": [26, 118, 26, 120], "rotation": 90, "texture": "#1"},
				"up": {"uv": [26, 118, 20, 118], "rotation": 180, "texture": "#1"},
				"down": {"uv": [32, 118, 26, 118], "texture": "#1"}
			}
		},
		{
			"from": [2.01776, 2.00711, 14.11434],
			"to": [4.39276, 16.00711, 16.43934],
			"rotation": {"angle": 0, "axis": "y", "origin": [3.20526, 5.25086, 15.47684]},
			"color": 0,
			"faces": {
				"north": {"uv": [108, 36, 112, 66], "rotation": 180, "texture": "#1"},
				"east": {"uv": [104, 36, 108, 66], "rotation": 270, "texture": "#1"},
				"south": {"uv": [116, 36, 120, 66], "texture": "#1"},
				"west": {"uv": [112, 36, 116, 66], "rotation": 90, "texture": "#1"},
				"up": {"uv": [112, 36, 108, 32], "rotation": 180, "texture": "#1"},
				"down": {"uv": [116, 32, 112, 36], "texture": "#1"}
			}
		},
		{
			"from": [2.01776, 2.00711, 1.86434],
			"to": [4.39276, 3.75711, 14.18934],
			"rotation": {"angle": 0, "axis": "y", "origin": [3.20526, 5.25086, 15.47684]},
			"color": 0,
			"faces": {
				"north": {"uv": [108, 36, 112, 66], "rotation": 180, "texture": "#1"},
				"east": {"uv": [104, 36, 108, 66], "rotation": 270, "texture": "#1"},
				"south": {"uv": [116, 36, 120, 66], "texture": "#1"},
				"west": {"uv": [112, 36, 116, 66], "rotation": 90, "texture": "#1"},
				"up": {"uv": [112, 36, 108, 32], "rotation": 180, "texture": "#1"},
				"down": {"uv": [116, 32, 112, 36], "texture": "#1"}
			}
		},
		{
			"from": [1.51776, 3.50711, 12.51434],
			"to": [4.89276, 4.00711, 18.43934],
			"rotation": {"angle": 0, "axis": "y", "origin": [3.20526, 5.25086, 15.47684]},
			"color": 0,
			"faces": {
				"north": {"uv": [0, 41.25, 6, 41.25], "rotation": 180, "texture": "#1"},
				"east": {"uv": [-4, 12, 6, 12], "rotation": 270, "texture": "#1"},
				"south": {"uv": [0, 30.75, 6, 30.75], "texture": "#1"},
				"west": {"uv": [12, 12, 22, 12], "rotation": 90, "texture": "#1"},
				"up": {"uv": [6, 41, 0, 31], "rotation": 180, "texture": "#1"},
				"down": {"uv": [18, 2, 12, 12], "texture": "#1"}
			}
		},
		{
			"from": [1.51776, 1.50711, 18.11434],
			"to": [4.89276, 3.50711, 18.43934],
			"rotation": {"angle": 0, "axis": "y", "origin": [3.20526, 5.25086, 15.47684]},
			"color": 0,
			"faces": {
				"north": {"uv": [20, 118, 26, 122], "rotation": 180, "texture": "#1"},
				"east": {"uv": [20, 118, 20, 122], "rotation": 270, "texture": "#1"},
				"south": {"uv": [26, 118, 32, 122], "texture": "#1"},
				"west": {"uv": [26, 118, 26, 122], "rotation": 90, "texture": "#1"},
				"up": {"uv": [26, 118, 20, 118], "rotation": 180, "texture": "#1"},
				"down": {"uv": [32, 118, 26, 118], "texture": "#1"}
			}
		},
		{
			"from": [1.26776, -0.01789, 12.11434],
			"to": [5.14276, 2.00711, 19.43934],
			"rotation": {"angle": 0, "axis": "y", "origin": [3.20526, 5.25086, 15.47684]},
			"color": 0,
			"faces": {
				"north": {"uv": [14, 60, 20, 64], "rotation": 180, "texture": "#1"},
				"east": {"uv": [0, 60, 14, 64], "rotation": 270, "texture": "#1"},
				"south": {"uv": [34, 60, 40, 64], "texture": "#1"},
				"west": {"uv": [20, 60, 34, 64], "rotation": 90, "texture": "#1"},
				"up": {"uv": [20, 60, 14, 46], "rotation": 180, "texture": "#1"},
				"down": {"uv": [26, 46, 20, 60], "texture": "#1"}
			}
		},
		{
			"from": [0.01776, 0.00711, -2.06066],
			"to": [11.01776, 1.00711, -0.06066],
			"rotation": {"angle": 0, "axis": "y", "origin": [-19.60724, 6.90711, -1.06066]},
			"color": 0,
			"faces": {
				"north": {"uv": [0, 0, 24, 31], "texture": "#1"},
				"east": {"uv": [0, 0, 24, 31], "rotation": 90, "texture": "#1"},
				"south": {"uv": [0, 0, 24, 31], "rotation": 180, "texture": "#1"},
				"west": {"uv": [0, 0, 24, 31], "rotation": 270, "texture": "#1"},
				"up": {"uv": [0, 0, 24, 31], "texture": "#1"},
				"down": {"uv": [0, 0, 24, 31], "rotation": 180, "texture": "#1"}
			}
		},
		{
			"from": [12.14371, 1.57037, -2.06072],
			"to": [16.74371, 2.57037, -0.06072],
			"rotation": {"angle": 0, "axis": "y", "origin": [-7.88129, 6.47037, -1.06072]},
			"color": 0,
			"faces": {
				"north": {"uv": [0, 0, 24, 31], "texture": "#1"},
				"east": {"uv": [0, 0, 24, 31], "rotation": 90, "texture": "#1"},
				"south": {"uv": [0, 0, 24, 31], "rotation": 180, "texture": "#1"},
				"west": {"uv": [0, 0, 24, 31], "rotation": 270, "texture": "#1"},
				"up": {"uv": [0, 0, 24, 31], "texture": "#1"},